r,lnz_0,lnz_1,lnz_2,lnz_3,lnz_4,lnz_5,lnz_6,lnz_7,lnz_8,lnz_9,lnz_10,lnz_11,lnz_12,lnz_13,lnz_14,lnz_15,lnz_16,lnz_17,lnz_18,lnz_19,lnz_20,lnz_21,lnz_22,lnz_23,lnz_24,lnz_25,lnz_26,lnz_27,lnz_28,lnz_29
20.0,336.9911694619947,328.2347332723174,329.7420397569798,,,,343.3927077602157,342.35428006944903,341.1052482805073,342.59349370679513,,329.75369789020647,,333.37072775912605,339.50024909930585,337.48258538838627,333.6797914717516,,,334.6859255240365,343.05748633555737,,,,335.05849182684534,,333.04578728760987,336.1444120195208,,336.4786098823761
21.79682959970573,332.73963409777514,,329.04946237875157,335.27047087826475,336.15426226582485,,,341.12498514431815,,,338.18511253799534,,340.6154349264833,330.94534948417135,,,,,335.2740678330377,330.8247236421245,338.4479403454182,,338.73161214852564,336.7057494556352,,338.7886493568122,330.3371867517997,336.3047451441804,319.60446233061225,
23.755089029930396,330.53311051796413,325.2326673560588,324.65265328647826,,330.734679365543,,,338.2008843398367,,335.6730422379859,,,334.30535744715314,329.88704388744577,,330.342255863187,,,331.9254342425326,,,,336.03137307284607,,,,,333.0722571478479,315.46905503118336,329.4299327709124
25.889281385561585,,324.42508125295694,328.19475585053635,329.2494239429556,334.63507980389346,333.1675361043302,,,,338.59390988772805,333.3083937178518,,,327.05012798844547,,,325.2387068520171,329.02502987784993,,327.0603023293644,,328.9039964498146,,,323.0738625416436,324.61898548538,,,315.2220895834016,
28.215212740995963,326.1085670624608,,320.75011553777654,327.1828361642276,,,,,,333.45313823308516,329.8550937596018,,331.1756008441927,,,323.30837702184647,,329.78591108886525,,324.41985047129947,,324.7892254534079,,328.72198465467517,320.35943026179984,,325.5799296808443,327.04559089568596,,325.06124930733887
30.750109211746754,320.6055051797295,319.42042606305915,,,,329.89459044858427,330.2284973837251,329.44482860958533,322.98693262763834,332.10611544027665,,,,316.31761227595814,,318.757191732291,,,326.7586299726453,,,,,332.33599732556314,,318.0766339473023,,,307.8487702623847,322.48224791336736
33.51274453303927,,,318.8015260120776,323.2022933085634,322.77325223269855,,326.9201113389511,,322.76944115128174,330.2625299107375,326.90805346989214,307.5177302807209,325.63335491538646,,327.50854521572217,,,,326.17403120427326,,,,324.24631445569776,,,,318.594330101036,,304.1882652975761,317.667744994303
36.523579100256356,318.86805142430984,313.1001372197381,,,318.820209713804,,,,,325.4530385522488,325.34274636634404,309.2423910096255,,315.1463304165032,,317.1212378780399,,,,320.38097482224094,,318.3858717603088,324.1079846735309,323.456905544925,310.57072626278864,319.9239772273827,318.911902137756,,304.6681969828528,
39.804911500983046,,313.68890181103154,313.1994107177878,313.3567670824672,321.9708068000506,,,,,,325.3443110315074,306.5636490405792,,313.5490039123013,320.4019917721396,,,321.2374036981544,,,323.4564540030489,,323.85942315685475,320.98950546051594,,,,320.35539099723303,296.77030660878415,
43.381043660914735,,,312.9172469546103,,318.24237106987846,320.7198327511686,322.5622724480098,321.1230025817062,,,,297.2651195292219,322.6846476679645,310.09251186913224,317.59190693723207,309.0656779214997,,,,316.6859125644833,,311.3236421449546,320.9091408979417,,,,309.6392789069606,317.891633657413,,322.8208988816992
47.27846082671762,,,313.0041389292,308.01165534430174,,,,,316.11948349680785,,318.4502851258932,295.07284906780046,320.5663887730964,,,307.619000673184,307.0421282512105,314.726101496282,,,316.6957809787532,315.83177868965663,317.42324553253036,318.4004907211645,,,,317.13560301565167,292.448206457995,315.1096993670765
51.526027718816344,,,313.2807226645461,312.9642113153578,,314.6058984307964,317.4766363224112,314.1075965713833,314.3681977453318,316.18117943034247,319.4528649171096,293.88947267378524,,315.2107082760014,,304.3119592105091,,318.1407282396481,,309.9124719812535,,307.28116827040327,,,,312.6551252720405,,315.79420120268,291.33104623907485,
56.1552023068377,,,310.8494951013657,310.04322439968814,,,,,316.7872163942991,,,290.4290414553564,313.38541426069173,306.98039932030383,,,,312.5534391873637,313.2015821171294,310.9134889877688,,305.76077268326986,314.0465276379742,,297.4194160026347,315.07802021873204,304.41496515198935,315.80609174680905,290.03836074314694,313.43540451936417
61.20026879095717,304.89271293196975,306.17498664183415,,300.2535278297394,315.5339549782682,313.3097878514884,,316.1985272123432,,308.26330160363256,316.1334668532097,285.5332785746391,,,312.93990343322866,309.646179788763,,309.0999637639055,,309.31706481395736,314.1153679746343,309.3497790013532,,,292.94289238815963,,303.76101413771227,,,312.1276614229374
66.6985915146341,309.5027532386837,,,304.6208739891923,310.2193111073793,312.8928532699281,,310.831914932492,,308.59660677923614,,290.9097888122111,315.75361431173945,,,300.8662167286145,298.686337352864,302.7968426055725,,310.94011086359086,316.9437861487738,305.42201211646477,,312.4126177800905,,,304.7184454047191,314.8056660955876,,
72.6908916892429,303.54815156650875,,308.2734372158859,305.0035816156063,,,,,,,311.9886079136628,286.07253881492727,,295.74969356650035,,300.27367759485463,297.2580525721973,303.98258197845894,,,316.0277873733723,,,314.4246871797738,,,,,,314.3640849292866
79.22154898005464,,,304.67330392944183,,312.021206777774,312.26227406239013,309.5756336776923,,,,,,,294.89513837247864,304.4567406645955,300.93191090750264,,,311.83890380294724,310.32876747225174,,297.6374609995826,312.95395815260986,,,,311.93433705280313,,,314.56692150358606
86.33893018714961,,302.2338384291394,304.94829791133844,,,310.16125871636405,,,,306.1735783863255,312.71503048088016,279.64518541105053,,295.96007460118045,307.238695807588,297.93005251484453,,,309.0994698582747,,313.23754836344466,,309.0829334444783,308.42263575510094,,,309.7852475861192,,,
94.09574745550945,,303.2198976960164,,296.01804224596714,,312.86116784054855,,,304.0945810393914,,,277.44944323722365,309.40302866355705,,,295.5628199158386,,305.8421360106219,306.6545101875364,,309.0698939440157,297.2559276891411,,,284.6248181229173,302.1081849222788,,,,
102.54944866723417,,,,,,303.65335275455806,303.78811337896013,,304.6270745866458,,309.3671991066197,,311.2686172284435,292.0151499959712,,,296.38450627622683,,308.4428514926226,,301.9513414122366,,,309.564428957833,280.17765576181563,300.26116293377163,,308.6085072006981,,
111.7626429071736,,,304.26406537146056,,299.75682567225977,,310.19524703549024,,305.23842203911005,308.11314997122224,,,310.39221058858544,301.769919954957,,300.5170461595436,288.7237593076035,311.45047715627436,307.19178966070683,,,299.29645555018215,305.7022636628501,308.0365602636789,288.69655306709876,,304.43847773398124,308.1720954214181,276.5829432914755,308.9025948633583
121.80356415302121,,,,,305.78070515419574,304.73552454091765,,,300.06232569044886,,,,306.51808013699235,294.6173436319681,,299.63824624580474,287.45298206565525,,,,,,,,278.2497605096614,,303.030762608001,,,
132.74657662401148,,,304.47273239704407,,,311.55383738856096,,308.4625782114614,297.0219195223904,,309.14575651329017,265.8022874019938,311.29021941342927,293.94226345228896,302.03185968854166,,,,306.9581694852357,,,303.47667339110825,,306.58326166426366,279.8235374360637,309.4994192896467,296.67563934988,308.2744574590487,275.9150473369435,307.9030420507035
144.67272553089285,,,298.9033086392211,294.1597174032545,,307.84472722054653,309.8235495747431,314.11983711418657,297.48718392047164,304.07559722538986,,268.02407137542434,,,306.4519319533737,285.2590563200093,285.9536228369396,297.15850532545863,,,,304.47441376366595,307.1538857243773,,284.6692241935988,,303.2286260194285,,265.4578181479721,298.6409792481371
157.67033730609347,,300.11613996785127,,,305.26056643945685,,303.6320755364051,306.73761431542124,,,310.60771091916905,,,,,,281.56252373779216,302.83548766658885,,302.61283811363796,308.17142564365156,,,,280.7739883727628,,300.70202237109487,305.29307386769176,,305.5323370771479
171.83567375945216,298.8515992848989,298.1864011092876,303.6797368360602,,304.2803310580022,,306.09429766034134,,309.41664722491254,,305.48511488032506,,,291.69405400676624,293.4180473543812,,,,305.3885545083941,,,,,,,,,302.21355196142616,,
187.2736450042703,,299.9094578922943,304.3671220582579,,,,,,307.58114420459407,,,,,297.91404836596945,299.0873261707177,293.05065003075856,,306.0929737753735,,,309.26968670391557,,303.38203208245017,306.43435095611153,,304.1917773062901,,,272.9493622142751,305.07111139499546
204.09858643369296,,,298.77915255144546,290.70337207675885,302.78873959772704,,306.65227204445466,,301.57932214516484,307.0688265713094,307.46442900274593,,301.9153123815601,,300.76962644596455,,283.9070548930044,305.5054912674942,305.4668592476626,,,,301.9816142296971,,275.80881945773035,,,,272.5501347515577,
222.43510550180096,303.24600733397335,300.4010823660289,,300.33133496076624,303.01431830829284,298.73403192959165,301.42176489651933,,,303.2841454672912,306.3160969392208,,309.64013863754013,,295.73534741312113,,281.96056846174986,,,299.92398135026804,,,302.79002502952096,301.0331135844971,282.1133065175153,304.80058104129915,,301.96099306159266,,
242.41900458076623,,300.2633283501435,302.4772011039372,288.1924258834423,302.3330038585649,304.2003669480622,307.8602336340675,,,,307.1391233479387,268.8255267235587,,288.41325101169843,293.6358204976342,292.1116429272207,,,297.60957766644395,,,,303.79505410682737,304.0476481969296,278.2862245983732,,304.1173182608842,304.8401553613852,267.17693556874457,304.67175992102545
264.19828672886206,299.54785295285035,,,287.2845503502541,305.5619322404798,304.3000869644003,,307.66641500457536,,,298.91378598971767,274.58844495341907,,,,,,,,303.59467414164027,,,,303.7096028219351,,299.04266946570056,,303.56842522746416,281.3510403515303,
287.93425181815996,,298.6978170640758,301.3123897786168,,290.9238929042585,303.0769901320595,,,,,,272.75607772800146,307.5631072512089,,,,279.5599800344743,291.69655816890054,,,,301.0447520207151,,307.0545832883116,273.7249648256352,306.15574490984216,304.0554291249259,308.19103875836726,,
313.8026911399598,305.74067733014317,,,,301.316231674355,,,,,,307.3167403804712,276.7057330232189,307.348838622268,,,,,,,,,,301.14284519751817,,,,,306.678015061097,,303.9235722216186
341.99518933533966,,298.23706090536746,,285.84199536621134,293.59631307216284,,300.1420098396693,,309.4795313560603,,306.16335410011527,,,,295.70257088688265,284.48077749890876,288.01433478725426,299.53443389274753,296.80617441064925,,301.329017926668,283.90167922336246,298.2575837303897,,280.91877270836073,,307.1518428139095,302.39228055639023,267.36836075982,
372.7205432930746,292.11547643231944,,303.1884135119529,,300.3732378327296,,,304.79271036915105,,310.5998946219988,310.6336263703,,305.47578110226516,294.5244879100148,298.14616231976805,,,297.0421157403597,,304.83708997741587,301.49149634602634,,297.5957206343126,302.0155502345428,,305.553077514985,304.3335615402757,,268.8382362587232,306.6903342033567
406.2063085234443,294.46910002524385,298.2837576169766,303.1346458887773,,,302.9355475652476,307.5906242275658,,294.24333684524436,,,,302.0446402953661,,,300.57089614935455,,,298.78481096293064,301.8428226140561,301.5056291696482,,306.31207366087153,303.54680862464767,,289.9980764900446,,,,299.11837749792164
442.7004844605506,296.7151381455903,,,,,,,305.3359875376273,,304.84478814717403,,259.1252147181714,,,,292.93584714507915,,307.13425534649696,,,304.9538501238537,302.2313705138514,,,281.6677858640335,308.3261891712453,,,257.2931221861595,
482.4733511746901,300.37198051578764,,,,297.53393984596926,,299.9374332299927,,,,305.37988033422806,266.7760725409495,,,,,277.70063444206494,,301.52198068437406,302.52811408704054,,,306.2728965327354,306.67807628539197,,307.994022594135,,299.67338844620156,269.32816066069347,301.56684443382875
525.8194710976848,,291.01629653291934,,285.14297302538165,299.8417133403194,,,306.795032704695,,308.3317546061083,,,,288.8093217197588,,295.2522966336663,282.2795677263175,295.6885374017935,,,,298.7040188510668,303.44427180566663,,,301.5850919206207,,304.32018461091377,,
573.0598705861811,,,298.95856076033476,294.4626900717118,,300.931558410189,,,,308.3274745403989,,270.8501794368643,302.9649507234632,,,292.1186232692891,,294.7324166927955,302.2365752162088,,304.0114776021325,,296.7827840564816,304.52258778895794,282.3321192396072,,304.5533250072862,,261.4454431506945,300.5286731631566
624.5444174798206,301.18301848835597,295.26156907728216,,,,304.7676754998183,,,,308.85796122439103,306.3134347793765,270.45842246027763,307.5112238552373,,300.9815128292693,290.9987415309003,272.18187240101526,,,,,,,,,,308.0978715820646,,,
680.6544122627566,305.55352497913134,297.1688632477504,,296.95281828354007,294.01501632638076,,,,,306.5944618771433,,,305.3254374995963,289.2687440361557,288.481984075723,,,290.6744726480247,298.40665119546827,,,280.0560376779275,303.7097937484425,,,,,299.68119871179056,277.5154891655699,
741.8054120189577,292.2499401742771,297.31180300047146,,,,,,303.17912891113116,308.35938844906707,303.8477371074139,,268.7681022204712,304.85444458054906,,293.8289360185295,290.0937101167184,290.51792369892223,,,296.4050715828844,306.5173359056143,288.58225241421655,301.35115190294346,299.0196423853106,,,,304.0363851339757,274.32555950245904,298.9408999589251
808.4503080958365,,,,281.29747987992977,,303.3615510957265,,301.32745940696316,293.01906810652804,,308.58603100883124,263.2306874892376,306.5523926468452,290.4541635687041,289.66719080915436,,,,295.68647640315567,301.05678113335796,,283.2997758255608,303.29436111998365,,,301.14906134242847,300.2030617131877,300.0399688124354,,302.7561196999809
881.0826802697277,,,,293.20321612160893,,,298.0160676898567,,301.0741385289331,301.5902151097408,305.2094687542198,264.3202225460288,302.7554001851006,285.52754082369074,,,284.5945852272752,,305.94175729118314,296.81599520308686,,297.7404167636859,,303.47064104121836,,,,301.2409139894604,,
960.2404522545625,304.32202700899575,300.51144609341486,302.3652815163947,291.79717196719315,,,307.98414950617786,297.28287010499156,295.3392451326988,,303.379007137427,271.36095452699516,304.449144046952,,,,282.6883175146703,298.39479285407396,306.51879891853025,,308.39269686239606,,,296.5638953056479,272.36865961419494,298.4855715283468,,,,301.6544338046004
1046.5098756268526,,300.8924851468847,,283.9688863397885,,300.20194693501156,,306.0055426120517,294.5847653214313,,,269.95859325276354,306.6258984581968,,,,,302.5118979322597,300.14936087927083,301.4027007190061,,295.0641465067922,302.88011691715843,302.2802202970363,,296.62008680332866,305.34535967118313,304.2745343311636,276.51848483328786,
1140.5298716723876,,,294.5116584390073,,,,,306.9059190734272,303.2256483792401,298.6190723752062,307.2921956007426,,298.71995737427176,,292.67670895512083,285.9203227187706,,304.0625659725471,302.2894686397947,,301.2359994813314,,300.03487970740775,299.8024554657116,276.4219454364492,,304.85958451199065,,,
1242.9967633108645,,,299.5129374873773,279.5520107819534,,302.23908106718915,,301.4417510371924,,,304.63143273483263,274.0337624438349,,292.15280117691526,288.7970575413108,,285.06825696731875,298.6727335453393,,298.9317735083729,,,297.2559774188927,301.72507500118763,,,,297.70871501105927,268.3758714743424,300.1663405697092
1354.6694321436325,301.85971490049644,293.98827619207935,,292.7626096397549,,,,,,299.7951207920033,306.3241879412656,,304.71357885476993,,,,,,,,307.2372327187993,289.7410740800922,303.2668556826162,302.93658739544344,287.6129436968358,,303.4196506422983,301.1187329320553,269.4135709900667,
1476.3749388182434,,,301.17888925384136,273.4170087197876,293.0639856829481,,296.52191028749127,297.5870972305047,295.72481972794316,,308.34748287275,,,292.4829032814893,,286.5992515817897,,305.0945793889768,,,,,295.09984104408255,303.6675863770348,,304.4308902226908,,299.6673075106698,,299.9539412516065
1609.014648334862,,,,,,301.87052372481594,,306.4666155680344,292.08163126246467,,302.23507103988374,,,,,,285.66860631535,290.63133057559634,,,,,301.13116281365296,293.1316982769084,268.8002869572314,,298.805725566258,,273.4057991709286,305.4035025174959
1753.570905659272,,295.52050915266153,,,,,299.21270650243025,305.5550966442487,303.04983127929677,,305.9303986460166,,,289.1467152190008,293.55446605950885,,295.5935015020827,299.37238364130843,296.8325079215332,297.74482573524165,307.6919839411115,,300.97052932586803,299.6161624926207,,,301.5011668166871,,,
1911.1143110828393,295.6153712049769,,,,288.2068341053034,,302.9040247041704,,301.614118916777,,300.70707350210944,258.04338359653707,,,303.27428648656854,,276.04504661970566,,307.36017303668166,307.34263508667027,,,,296.5091335461729,,300.897246718877,305.2667699948738,298.71670931338355,267.2860688428901,
2082.8116492115837,296.67203924737976,,,282.1578518918354,305.529129860998,,302.2871663525766,,,302.9361785224279,301.06153757226673,,,,,286.68094230555323,,291.537775863876,,,,,304.69986447539134,,,,304.62324980589466,,,301.8014888895902
2269.9345303073464,,296.93947978947114,302.8800733080362,279.0656611861711,300.0623861419517,301.24936047643666,,,301.62345913598983,,,,,281.25858370151525,,,284.63356593299204,,300.42050226501794,294.197831137599,,,,298.6389394096788,,305.6440783640319,307.052376836663,,,
2473.8688079798662,,300.5233444451747,,272.2910453865545,,302.54843297675865,,301.4424015220264,296.92028364239377,,302.8180584491172,277.0239711970889,,,291.5223497039513,287.52155934704757,,,,296.07646182472166,299.1021024501005,,,,,301.2967547669438,305.5843418787878,302.376851841813,,291.92118023196036
2696.124842978212,295.2238123020773,,304.1809593941967,,306.30583824480306,,,,,296.9993777787319,,,304.2310517505663,286.58967421671036,306.2156157157272,,286.5803234421137,298.1779614313324,297.4456785387014,,,,298.51439532252164,,292.5997129473514,,,,270.4812427018464,
2938.3486890964746,,296.745812214596,,,,,300.74238719778526,,,,305.2609142101809,,305.5231745741127,297.7918727031586,292.5491656573378,287.99191171327914,280.8400149820441,,,303.40359867857615,305.6142282036269,289.8249662867184,300.2859012925686,,,302.3139163107154,304.35793861181384,300.63747377679863,270.3465244464805,300.13257050120734
3202.3342840377263,,,,278.9053723458947,294.7125468917563,296.49212651099197,,304.72252489356015,,303.84690911292597,299.74214804519903,,304.16458572089783,,,,,300.5920518786136,298.4791294255708,,302.6038106209936,,300.1656445699542,,275.6428996688866,293.48237692062594,,,267.7052005785049,302.3861106807259
3490.0367355233,295.26861064210584,,,277.9558524233056,291.97553743641225,,297.37269528331603,,,305.7057708620091,,,296.00602908966476,,303.1799001306124,,,,298.81196687896613,,302.0884560949055,,,296.1105877333583,284.71633805009617,,306.15537881537574,296.88682484567005,,290.00569971398295
3803.5868010457293,,,,,296.7728081759137,,299.14779696613334,,303.17146690044217,,,274.08226754716327,307.63100140731564,,,,285.2635945233544,,,300.14078017660495,299.1820576931114,294.631908569601,,297.01807195456763,,304.47277855950597,306.1176309328283,,270.0775994684688,
4145.306668504181,,296.3816122077763,303.48245011083156,281.71169837495694,,,,,,303.4552237335299,,,,,,297.706087322151,291.5120151819371,293.29271554721095,296.4615508273057,300.33967945513996,310.0216599258542,300.57054006076555,,,292.54166158435055,,,,275.5024178613495,298.1370913433831
4517.727154595472,300.5466796493289,,296.44436643995505,,,301.610037008619,,308.1570993808526,296.6487920382297,301.79821616274796,,264.243372005579,301.5017262981304,,308.8086429500611,302.9596798661864,,292.8253902488142,301.62142666693535,,307.77085939600556,,300.8229716035213,295.44088418372235,275.46697899879274,,,,,296.3639664215855
4923.606448334049,,293.96628824303434,,278.2689852743606,304.20478275989615,,,,300.164162911084,,,279.35910327414894,,,295.710547028455,284.29232432108677,,,,,297.5957611975149,293.95171317375537,302.43916176205863,300.90538249666156,287.04076206291745,299.64636669895253,305.4029998558718,299.93953078144375,290.90678679484995,294.8263354903197
5365.950538517482,301.0796537145277,295.95246562507475,298.40436532454834,285.43439017532097,,,299.6189225653493,303.1915172196777,302.8335754214263,,301.0278663208913,279.05927275363695,306.08119056536117,284.86924018839005,305.78939434582935,292.8881916188421,,297.6928551332475,,300.49706202632325,,,,,,305.28577534863666,303.95318528587603,,275.75698264732324,296.58143535736633
5848.0354764257345,299.05807166365014,298.4089803483038,303.1024435386175,285.98888623382214,,,300.93139713441803,305.34654650818936,299.80248929482525,,306.204389882836,261.6799196171693,300.8460740195914,290.7422812029843,,292.5644269199987,,300.170705452929,,,298.1159624995107,288.42721593167425,302.09224535002426,307.1609480280308,,303.8893288047745,,,,302.6608690207069
6373.431638634285,297.4226402721811,295.49441246274057,,,,,,,,305.3379968898158,,276.6086392160957,,,,284.8645343375613,,292.9077050591125,298.9482147807572,,,292.7927860586051,,301.3683657265664,271.6215747029827,299.07992399465746,299.1805244695166,302.50227615732626,277.69486576389943,295.35157498865533
6946.030169634236,,,,282.81040437437264,309.65513892073926,299.994255893754,306.72965820956836,,,307.65789802930016,307.18814528245855,275.19184457914264,306.4830843628022,276.06507547516327,,297.9480161781986,283.1748169709894,291.1142206319232,297.7395101466571,,305.8635284353689,,,299.5139659645708,,303.1998783247617,,291.86498129890316,287.665113016374,291.93987597036374
7570.07180009663,,,297.9351253591106,,,300.9605403625851,302.111601243325,305.97095541171063,298.1711534011145,,299.9647576084319,264.855759909485,,288.3790833696995,298.7844252680615,295.56973246475724,290.5957188730332,297.3737336939197,,300.0352841166922,306.90231723330476,291.03637457343484,,295.74925581995467,,301.1774908376651,,297.2124787710541,,304.66794156918803
8250.178254212187,,,,284.31603339549366,,303.1974628203733,292.6550694413453,,,298.60712794133224,,264.3117945534758,303.37345765436805,283.6174782480687,299.360324302516,,279.2220671360934,304.73947593010917,,298.7616372342188,306.0011662873697,,,292.5884826227802,289.60433193905465,303.38270625799913,302.20220475629384,296.7203186554963,,296.6303295744346
8991.386478713042,292.7696655694504,294.8056440539748,297.98061888312037,286.16018175094456,296.58890431994445,,298.58086852143356,,,,302.2911705093089,,,283.6131132375219,,,284.8403075935644,,,,302.12975658116443,,,298.12711374432047,281.9899549141319,295.6210407009497,298.6563951005447,296.3008385932099,281.2432877482836,300.8704913805025
9799.18594708031,297.6881135776837,,,,298.2896701733186,297.6159131083052,,300.17534774331796,296.06259915766844,300.75640740729773,307.1018813082135,275.9405499427729,,,307.18243803815056,289.3990102342967,273.9071206279769,,307.23359462692565,302.1977934806298,297.0054403273635,297.6565569119445,299.8530873441965,,281.08790312575417,,,290.9254432951014,274.2898601111099,296.29446314775186
10679.559315217042,289.92319785187186,297.21172704748597,302.19633809149957,,,294.33134623138255,300.4125227186812,,,,306.2815676125752,,,287.612422233655,,286.92284139570484,,,,,294.00298169049154,,,,,,,296.06969749192024,,302.3733478723873
11639.026729686788,,,,,,295.2619728860941,299.02929245053724,305.8415013122592,306.15214638337574,,,,306.545451843867,298.65117275780887,,295.2131571574638,,307.5948432583123,,297.90282542797047,298.93974683426075,,295.07238316584454,299.65756536295476,,304.38751441879873,303.9433318982632,296.9338223279353,,298.1491339204473
12684.694116670153,295.6401681204872,,299.2369673796074,280.5611050454535,,,,,304.2774406938213,295.9710232572793,302.4717913586787,,306.5335012334564,,308.15931940409143,,285.572784870758,293.8702931579138,,,309.3180859784704,284.28726342579864,,293.06194813525167,,291.51159855811557,,,,306.2197956184699
13824.305809272448,299.6678262212221,,296.7733209417186,277.36197530869043,,296.2461342471538,305.98897602486073,,,,300.224250289913,274.1424455848903,305.365983942754,290.88709961394295,,288.7078997819064,,298.16191470482283,,,303.699912777136,291.8614422950543,292.3475604515239,298.06338361827795,291.9857268721594,,300.254636057452,300.94512022245317,274.37071338557973,
15066.301902946669,300.7243717591572,296.41889116825746,296.563568219167,280.5848145252349,,,,307.3902421450958,,,,,302.1288667499056,,,,,,299.01145889558626,,,,,,292.25342798981956,,301.59456935136757,,,
16419.88076381253,299.4773191356826,,,281.2352119718248,,288.7434146063072,,306.7410935032284,305.0131744689491,,,,301.40280878109274,287.2787505200424,,,290.0460620063601,,,296.440375201156,,,,,293.8307793485519,297.37403178689533,,295.6390299652997,264.2525665511159,297.2694847090354
17895.06715281541,303.02846999356217,293.50565986281777,299.7168073347194,282.24528146893994,297.62328477690284,298.4473878112448,,304.3538971602561,297.7783509594185,304.90816508230716,303.92488755408306,,302.1048796389658,287.1590882634726,289.5369230563306,297.33416914816627,,289.47904265743244,301.9837529750215,,,,,301.30872085279304,288.3891009816517,,,300.7054383276658,,298.3727896286372
19502.78647026042,,,298.64718828794673,,295.35268344778524,,,309.78376136722966,303.7086593806621,302.9888287313517,,,,286.81575309314667,,295.8980366289274,,,300.45366942637094,,306.4722504922633,289.97385329074694,302.48309046716486,302.1838884953151,,297.6635554217561,298.94822530199247,,,295.06972037904416
21254.945670585672,,297.1108140367017,,,297.6349990930844,,,,299.47075855839563,,,266.2000774987773,,,298.8868714906234,295.5192755335038,,,,,305.933230005919,,,,286.6476228673936,302.6379235634496,303.42932750076324,303.30901777123233,,299.17553742375
23164.521446637933,286.8205175703435,,303.79617131204077,,303.1504506381012,294.20277124175925,,,304.2674026430234,306.19598297120183,303.80795281806013,,305.1912704805651,,,294.50593556377476,,289.72037835778815,,302.36703353451844,,,297.6207959488097,300.64313113156334,,299.4213842696862,299.58057332498294,,265.81881872115423,
25245.65633655478,,,,284.63605745894245,300.7746887482839,301.1121213287041,292.6041435918289,,,305.0134605189545,306.79494735234834,265.1496460303375,,293.8487224561979,,,289.16976402485096,,,,304.32049920057,,,297.90365704689003,,296.7791879791826,301.54725880967504,,269.88446182408074,289.6680438629818
27513.763465030774,,298.4155514049322,288.77972875326003,286.0280630762859,,291.6300519750756,,,,,301.86638937112093,,,,296.9869825985436,288.40616490291325,280.7033439125896,301.49141311616165,302.2490797845836,299.22409088493555,,286.40771995753664,296.8807572615981,303.5348235434175,,297.2545484197275,303.7523049325244,,,301.26234586375796
29985.640694694226,293.22750466385037,,299.4908638981249,273.2812829059428,291.3469709078593,289.36471914923476,299.47165560179656,301.7897834682716,305.164969618906,308.6509845332373,,,305.0963241368251,,,,279.57709801058286,,,,301.7045646825025,300.63079590107697,,300.80516761186215,287.2354078705779,300.841851397715,,288.8095582287004,,291.6485075249508
32679.59503301264,,,,285.4743554459635,,,302.4678786187728,304.73603575808795,302.43991017586177,,,261.68331463430434,,,,292.3171154244502,,293.07890531001397,,,306.3733900305304,291.12411851767035,,,,,303.8390067693958,,,
35615.57821609829,298.4943593586879,,,289.4323889276676,,294.62011034549175,305.8740765613874,307.2482389569544,303.58224250400974,300.12118282200794,,,299.70742694879675,279.2799579186229,,,291.1932848746736,,,,,291.3387931187915,,,286.7181281199788,,,,,299.49053667388
38815.33447356435,297.93986090708614,,296.66997099885515,,,,304.23803913500683,306.0176898327803,,,304.12897199659415,269.19065423520874,,283.6443960830182,308.2123012574384,,282.3900374222059,302.5626757232284,304.6895827311529,,304.58807546005494,288.1034400354198,300.1098711618014,,294.0605381498798,,303.69903703202993,306.1824133086195,264.1365023786765,296.80626986487823
42302.56156879326,287.4025191010787,296.23173502225274,296.7951474892778,281.09724442284625,,303.79506176387326,293.77099054169406,305.03286808009193,300.3680491503823,,303.4284577559674,261.4812320698493,302.2532933513491,284.04901688899747,303.1614094738154,,,,294.49036365880033,,,295.22198762889144,,298.2421900664691,272.60716426792135,,303.75051097576073,298.9673393009474,,297.4540986384892
46103.08630730232,,296.5882905316248,,,301.99604901064214,,,,300.727658527474,,301.86656010842023,254.72319349212773,304.28062226660126,286.7032877430093,290.8479310472981,285.84444503681306,,287.2544486988716,,298.6290336187035,307.4248750627707,,,,,,,297.7737072528939,,291.20251486489144
50245.05581303973,,295.5028480390075,297.4217632892158,286.7058956807057,,300.56147884742984,305.1169703709007,,291.3141338786842,304.0546537960306,,275.6893280800389,,,,297.1891181052804,,,,,,,,,,301.6590389556609,297.6490261019965,295.09890660853415,,
54759.14598922652,,298.61382941771853,,,,300.3412045980804,,304.5383910743541,301.3093288281027,,,270.60937674004776,303.37517308703815,,,,281.2490616392856,,305.3554525729858,,307.81019084452066,289.53276783396717,300.1375579046952,300.11125689459243,,294.2434721032983,,,,290.86815090652215
59678.78870762896,298.3782116410874,296.76770225900503,302.4496868092608,285.66304433089516,,300.6063855443289,,306.7739619488493,,,304.50186804852797,,300.6132803947701,,301.75521076876316,296.1138148136518,,,,301.7046588527582,,,297.703686630558,301.2857836254649,,,,,273.6247391021885,308.68875073673934
65040.419408851645,,,,,305.03048917187743,,,306.3304341292935,297.2208104530353,304.9820268358566,300.5589482156497,267.69814885168563,308.3841647370592,,300.1012380595744,291.77939877434704,285.5462708751693,298.1740082387606,,,302.6255378697599,,299.81939185387796,297.9863012098474,,296.5029269769033,304.1790668687587,,272.87455713363295,293.10740859994064
70883.74694740659,300.26991369465264,,298.35039189493176,,301.23654234044307,,295.68166809818644,,300.22305235365315,,304.5680044891013,260.06370221331804,,,,291.7590076614862,,294.8336162805457,295.99379837521786,,302.02036548253557,297.92112050564936,298.79940905791375,297.31058817390846,290.89106555276874,296.3163781701569,301.2755925146038,,263.91604744729926,287.58248355140955
77252.04768006425,,288.4541706584478,298.3539486563607,283.5305715447059,,,301.4543272894362,303.0641233369496,298.8092353769815,,,,,282.1690630733828,,,278.207246868005,,303.54009153289377,294.02033129850497,303.8654665300401,289.2262818982141,,296.7660270658961,,296.6939023808242,300.2877622042114,303.706136126175,,
84192.48597553509,,,299.9633859657027,,,,299.94056498970895,306.90578214412295,296.59680169305244,,,,300.90185922978526,292.76877408281354,303.3320077219802,282.644546797115,,297.4627585562194,,293.48998026858976,,,299.6530047601608,,278.69282970667433,304.99135302240256,301.2366451561097,,276.3726739189748,298.6814461965564
91756.46351921759,,293.6220210689132,,,303.51745529520474,,298.3748068438264,,,,,,,,296.29797875912874,288.8861641495273,,,,,296.9575588640805,,,,,298.50568466337006,,305.931410365877,285.96179360778126,303.47682791599
100000.0,,,,279.0520798061091,,,300.5088909184838,,,,,267.5973989147957,,,,286.41336554661586,288.73276129053374,,,300.13457160609585,302.55674331736617,,,296.76416198285006,,293.0046346870027,,303.5070258229257,,
